"Model","AUC","Standard Deviation","Gains","Total Time","Training Time (1,000 Rows)","Scoring Time (1,000 Rows)"
"Naive Bayes",0.6667401960784314,0.23001382813896268,0.0,4160.0,420.73170731707313,244.27480916030532
"Generalized Linear Model",0.6243627450980391,0.2559877187092187,2.0,3070.0,246.9512195121951,114.50381679389312
"Logistic Regression",0.6246078431372549,0.23356606040939115,-12.0,2527.0,557.9268292682927,419.84732824427476
"Fast Large Margin",0.5123774509803922,0.2798549815060994,-22.0,3550.0,240.85365853658536,122.13740458015266
"Deep Learning",0.550735294117647,0.2239993608647581,-8.0,3944.0,1118.9024390243903,1312.9770992366412
"Decision Tree",0.731685520361991,0.1464709053754236,2.0,2347.0,268.2926829268293,106.87022900763358
"Random Forest",0.7172549019607843,0.23240733209669415,0.0,10227.0,301.8292682926829,519.0839694656488
"Gradient Boosted Trees",0.6372549019607843,0.29978205591020896,6.0,26075.0,301.8292682926829,221.37404580152673
"Support Vector Machine",0.5,0.0,0.0,18245.0,481.7073170731707,809.1603053435115
