"Model","AUC","Standard Deviation","Gains","Total Time","Training Time (1,000 Rows)","Scoring Time (1,000 Rows)"
"Naive Bayes",0.7204166666666667,0.21348481710143563,0.0,1776.0,79.26829268292683,122.13740458015266
"Generalized Linear Model",0.7328808446455505,0.26490744883496264,2.0,2163.0,155.4878048780488,99.23664122137404
"Logistic Regression",0.7328337104072398,0.20898774974644288,-2.0,1824.0,381.0975609756098,145.03816793893128
"Fast Large Margin",0.5123774509803922,0.2798549815060994,-10.0,3107.0,411.5853658536585,91.6030534351145
"Deep Learning",0.556711915535445,0.39901632241908636,-8.0,3950.0,1637.1951219512196,160.30534351145036
"Decision Tree",0.5859238310708899,0.41097279653425167,0.0,2460.0,106.70731707317073,129.7709923664122
"Random Forest",0.6792401960784314,0.1630037311938649,2.0,8426.0,125.0,358.77862595419845
"Gradient Boosted Trees",0.5652941176470587,0.2810201386717694,4.0,22490.0,271.3414634146342,137.40458015267177
"Support Vector Machine",,,,,,
