"Model","AUC","Standard Deviation","Gains","Total Time","Training Time (1,000 Rows)","Scoring Time (1,000 Rows)"
"Naive Bayes",0.7076960784313725,0.19468003180289403,0.0,1808.0,207.3170731707317,198.4732824427481
"Generalized Linear Model",0.6725735294117647,0.24931832886692587,0.0,1919.0,161.58536585365854,549.6183206106871
"Logistic Regression",0.7023190045248869,0.1589411301119386,-2.0,1699.0,140.2439024390244,106.87022900763358
"Fast Large Margin",0.5123774509803922,0.2798549815060994,-14.0,2251.0,112.8048780487805,122.13740458015266
"Deep Learning",0.5554166666666667,0.21910531641622288,-4.0,3453.0,1064.0243902439024,145.03816793893128
"Decision Tree",0.5500980392156862,0.4405003533739426,-6.0,1947.0,76.21951219512195,68.70229007633588
"Random Forest",0.8,0.11228593628718207,2.0,13983.0,274.39024390243907,916.030534351145
"Gradient Boosted Trees",0.5929411764705882,0.2652005182477831,4.0,34520.0,314.0243902439024,91.6030534351145
"Support Vector Machine",0.5,0.0,0.0,17899.0,496.9512195121951,870.2290076335878
